<?xml version="1.0"?>
<!DOCTYPE beans PUBLIC "-//SPRING//DTD BEAN//EN" "http://www.springframework.org/dtd/spring-beans.dtd">
<beans>
	<!-- 瑞金白玉兰会诊平台 -->
	<bean id="ruijing" class="clinic.entity.ruijing.RuiJingConfigParam">
		<!-- 正式 瑞金平台服务的地址 ， 接口方式Restful -->
		<property name="hz_service_url" value="http://101.230.225.69:8092/TMSServer/api/v2/server.do"></property>
		<!-- 测试 瑞金平台服务的地址 ， 接口方式Restful -->
		<!-- <property name="hz_service_url" value="http://36.102.232.6:10111/TMSServer/api/v2/server.do"></property> -->
		<!-- 自动上传间隔时间 -->
		<property name="commit_interval" value="300000"></property>
		<!-- 我们系统预约状态 3:中心端已经审核 -->
		<property name="yyzt" value="3"></property>
		<!-- 我们内部系统就诊状态 1:未就诊 -->
		<property name="jzzt" value="1"></property>
		<!-- 我们系统内部瑞金医院的编码 -->
		<property name="bdrjyybh" value="310101003"></property>
		<!-- 我们系统内部瑞金生殖科的编码 -->
		<!-- <property name="bdszkksbh" value="'31010100302','31010100355'"></property> -->
		<!-- 我们在瑞金平台的申请ID -->
		<property name="requestid" value="826e5c8a26ed40659fbc9bae63390041"></property>
		<!-- 我们在瑞金平台的医院ID -->
		<!-- <property name="reqhospitalid" value="e47bd367803341abb3dc4997e1b6979a"></property> -->
		<!-- 我们在瑞金平台的医院名称 -->
		<!-- <property name="reqhospital" value="上海索高"></property> -->
		<!-- 我们在瑞金平台的科室ID -->
		<!-- <property name="reqdepartmentid" value="f6f663dfaa534a4e9a4375bc9b4d982f"></property> -->
		<!-- 我们在瑞金平台的科室名称 -->
		<!-- <property name="reqdepartment" value="全科"></property> -->
		<!-- 瑞金医院在平台的编码 -->
		<property name="ptrjyybh" value="6f9f10185dcf490f9916dec4687bc3fb"></property>
		<!-- 瑞金远程门诊在平台的编号 -->
		<!-- <property name="ptrjszkbh" value="4868acf2b0874b79a5e15468bf9c2146"></property> -->
		<!-- 正式环境 -->
		<!--  <property name="hz_service_url2" value="http://101.230.225.69:18080/YCYLRJ/api/"></property> -->
		<!-- 测试环境 -->
		<property name="hz_service_url2" value="http://2e1ecbbd.ngrok.io/V1_YCYLRJ/api/"></property>
	</bean>
	<!-- 学透通 -->
	<bean id="XueTouTong" class="clinic.entity.XueTouTong.XueTouTongConfigParam">
		<!-- 学透通患者病历的URL -->
		<property name="pat_emr_url" value="http://syyshd.xuetoutong.com/cheetah/patient/medicalRecord.shtml"></property>
		<!-- 学透通调用患者病历默认的token -->
		<property name="cookie_token" value="359ca046-4a8a-44e0-b534-94b4106c8e91"></property>
		<!-- 学透通自动登录的URL -->
		<property name="sogo_xtt_autologin_url" value="http://www.allhealth.com.cn:8199/framework/allhealth/autologin"></property>
		
	</bean>
	<!-- 非公医疗 -->
	<bean id="Cnmia" class="clinic.entity.Cnmia.CnmiaConfigParam">
		<!-- 非公医疗自动登录的URL -->
		<property name="autologin_url" value="http://www.allhealth.com.cn:8199/framework/allhealth/autologin"></property>
		<!-- 非公医疗发起端（医生端）自动登录的URL -->
		<property name="initiator_autologin_url" value="http://www.allhealth.com.cn:8199/framework/allhealth/autologin_ex"></property>
		<!-- 非公医疗受邀端（专家端））自动登录的URL -->
		<property name="receiver_autologin_url" value="http://www.allhealth.com.cn:8199/framework/allhealth/autologin_ex"></property>
	</bean>
</beans>