<?xml version="1.0"?>
<!DOCTYPE beans PUBLIC "-//SPRING//DTD BEAN//EN" "http://www.springframework.org/dtd/spring-beans.dtd">
<beans>
<bean id="MySQL" class="org.apache.commons.dbcp.BasicDataSource" destroy-method="close">
<property name="driverClassName" value="com.mysql.jdbc.Driver"/>
<property name="url" value="jdbc:mysql://115.28.214.242:3306/esf"/>
<property name="username" value="root"/>
<property name="password" value="Root"/>
<property name="maxIdle" value="6"/>
<property name="maxActive" value="10"/>
<property name="maxWait" value="1000"/>
<property name="removeAbandoned" value="true"/>
<property name="removeAbandonedTimeout" value="30"/>
<property name="validationQuery" value="SELECT 1"/>

<!-- 
<property name="timeBetweenEvictionRunsMillis" value="3600000"/>
<property name="minEvictableIdleTimeMillis" value="20000"/>
<property name="testWhileIdle" value="true"/>
<property name="testOnBorrow" value="true"/>
<property name="numTestsPerEvictionRun" value="50"/>
 -->

</bean>
<bean id="transactionManager" class="org.springframework.jdbc.datasource.DataSourceTransactionManager">
<property name="dataSource" ref="MySQL"/>
</bean>
</beans>