<?xml version="1.0"?>
<!DOCTYPE beans PUBLIC "-//SPRING//DTD BEAN//EN" "http://www.springframework.org/dtd/spring-beans.dtd">
<beans>
	<bean id="FTPConfig" class="clinic.utils.ftp.FTPConfig" singleton ="true">
		<property name="IP" value="192.168.20.15"/>
		<property name="IPBAK" value="127.0.0.1"/>
		<property name="DOUBLE_BAK" value="false"/>
		<property name="EMRPATH" value="EMRFiles"/> <!-- 新建病案存放位置 -->
		<property name="BILLPATH" value="BILLFiles"/> <!-- 新建病案存放位置 -->
		<property name="EMRDIR" value=""/>	<!-- 新建病案存放位置一级目录,一般为空 -->
		<property name="BILLDIR" value=""/>
		<property name="USER" value="emr"/>
		<property name="PWD" value="123456"/>
		<property name="DIAGNOSIS_PATH" value="diagnosis"/>	<!-- 诊疗数据库文件存放位置 -->
		<property name="EMR_TEMPLATE_PATH" value="EMRTemps"/>	<!-- 病案模版存放位置 -->
		<property name="BILL_TEMPLATE_PATH" value="BILLTemps"/>
		<property name="USE_FTP" value="true"/>
	</bean>
	<bean id="FTPUtil" class="clinic.utils.ftp.FtpUtil" singleton="false"/>
</beans>