<?xml version="1.0" encoding="UTF-8"?>
<!DOCTYPE beans PUBLIC "-//SPRING//DTD BEAN//EN" "http://www.springframework.org/dtd/spring-beans.dtd">

<!--
  - Application context definition for JPetStore's business layer.
	- Contains bean references to the transaction manager and to the DAOs in
	- dataAccessContext-local/jta.xml (see web.xml's "contextConfigLocation").
	-->
<beans>

	<!-- ========================= GENERAL DEFINITIONS ========================= -->

	<!-- Configurer that replaces ${...} placeholders with values from properties files -->
	<!-- (in this case, mail and JDBC related properties) -->
	
	<!-- MailSender used by EmailAdvice -->
	<!--
	<bean id="mailSender" class="org.springframework.mail.javamail.JavaMailSenderImpl">
		<property name="host" value="${mail.host}"/>
	</bean>
	-->

	<!-- ========================= BUSINESS OBJECT DEFINITIONS ======================== -->

	<!-- AOP advice used to send confirmation email after order has been submitted -->
	<!--
	<bean id="emailAdvice" class="org.springframework.samples.jpetstore.domain.logic.SendOrderConfirmationEmailAdvice">
		<property name="mailSender" ref="mailSender"/>
	</bean>
	-->

	<!-- Advisor encapsulating email advice -->
	<!--
	<bean id="emailAdvisor" class="org.springframework.aop.support.RegexpMethodPointcutAdvisor">
		<constructor-arg ref="emailAdvice"/>
		<property name="pattern" value=".*insertOrder.*"/>
	</bean>
	-->

	<!--
		- A parent bean definition which is a base definition for transaction proxies.
		- It's marked as abstract, since it's not supposed to be instantiated itself.
		- We set shared transaction attributes here, following our naming patterns.
		- The attributes can still be overridden in child bean definitions.
    -->


	<!-- ========================= REMOTE EXPORTER DEFINITIONS ======================== -->

	<!-- RMI exporter for the JPetStore OrderService -->
	<!-- Commented out by default to avoid conflicts with EJB containers -->
	<!--
	<bean id="order-rmi" class="org.springframework.remoting.rmi.RmiServiceExporter">
		<property name="service" ref="petStore"/>
		<property name="serviceInterface" value="org.springframework.samples.jpetstore.domain.logic.OrderService"/>
		<property name="serviceName" value="order"/>
		<property name="registryPort" value="1099"/>
	</bean>
	-->

</beans>
